Customer_ID,Customer_Name,Region,Industry,Credit_Limit,Payment_Terms,Account_Manager
C0001,Customer 1,North,Retail,438786,Net 30,Manager 4
C0002,Customer 2,South,Manufacturing,436123,Net 15,Manager 9
C0003,Customer 3,North,Wholesale,271208,Net 15,Manager 1
C0004,Customer 4,North,Manufacturing,171981,Net 60,Manager 10
C0005,Customer 5,North,Wholesale,154248,Net 60,Manager 9
C0006,Customer 6,West,Manufacturing,285514,Net 60,Manager 5
C0007,Customer 7,North,Manufacturing,416026,Net 30,Manager 6
C0008,Customer 8,East,Manufacturing,162886,Net 30,Manager 2
C0009,Customer 9,North,IT,100707,Net 30,Manager 6
C0010,Customer 10,East,Retail,432589,Net 30,Manager 9
C0011,Customer 11,North,IT,91313,Net 60,Manager 5
C0012,Customer 12,East,Wholesale,150814,Net 60,Manager 2
C0013,Customer 13,North,Manufacturing,455310,Net 30,Manager 2
C0014,Customer 14,South,Retail,249295,Net 30,Manager 8
C0015,Customer 15,East,Manufacturing,244081,Net 30,Manager 4
C0016,Customer 16,East,Retail,369360,Net 60,Manager 3
C0017,Customer 17,South,Manufacturing,292357,Net 30,Manager 5
C0018,Customer 18,South,Healthcare,491897,Net 15,Manager 4
C0019,Customer 19,North,Healthcare,260325,Net 30,Manager 2
C0020,Customer 20,South,Wholesale,426393,Net 30,Manager 4
C0021,Customer 21,West,IT,387039,Net 30,Manager 3
C0022,Customer 22,East,Manufacturing,179303,Net 60,Manager 9
C0023,Customer 23,East,Wholesale,274622,Net 60,Manager 7
C0024,Customer 24,East,Manufacturing,122525,Net 60,Manager 8
C0025,Customer 25,North,Retail,107487,Net 15,Manager 3
C0026,Customer 26,West,Wholesale,83306,Net 30,Manager 7
C0027,Customer 27,West,Wholesale,181813,Net 60,Manager 1
C0028,Customer 28,North,Wholesale,443676,Net 30,Manager 6
C0029,Customer 29,North,Healthcare,277942,Net 15,Manager 8
C0030,Customer 30,North,Healthcare,312451,Net 15,Manager 9
C0031,Customer 31,North,Healthcare,491277,Net 60,Manager 9
C0032,Customer 32,South,Manufacturing,246038,Net 15,Manager 9
C0033,Customer 33,North,Wholesale,219951,Net 30,Manager 1
C0034,Customer 34,North,Healthcare,486032,Net 30,Manager 4
C0035,Customer 35,North,Manufacturing,347458,Net 15,Manager 2
C0036,Customer 36,West,Retail,448774,Net 60,Manager 3
C0037,Customer 37,South,IT,338255,Net 15,Manager 5
C0038,Customer 38,West,Manufacturing,332746,Net 60,Manager 4
C0039,Customer 39,East,IT,402157,Net 60,Manager 6
C0040,Customer 40,West,Wholesale,286708,Net 15,Manager 4
C0041,Customer 41,South,Retail,227254,Net 15,Manager 10
C0042,Customer 42,South,Wholesale,165457,Net 15,Manager 2
C0043,Customer 43,North,Manufacturing,85337,Net 15,Manager 6
C0044,Customer 44,North,Wholesale,174782,Net 30,Manager 8
C0045,Customer 45,South,Wholesale,119369,Net 60,Manager 10
C0046,Customer 46,West,Manufacturing,461366,Net 30,Manager 7
C0047,Customer 47,South,Retail,100819,Net 60,Manager 7
C0048,Customer 48,East,IT,265535,Net 30,Manager 1
C0049,Customer 49,North,Retail,261089,Net 60,Manager 6
C0050,Customer 50,North,Manufacturing,150448,Net 15,Manager 9
C0051,Customer 51,West,Manufacturing,271187,Net 15,Manager 5
C0052,Customer 52,West,Manufacturing,89523,Net 30,Manager 9
C0053,Customer 53,North,Retail,391911,Net 60,Manager 1
C0054,Customer 54,North,Manufacturing,137194,Net 30,Manager 8
C0055,Customer 55,West,Manufacturing,260260,Net 15,Manager 3
C0056,Customer 56,West,Retail,254693,Net 30,Manager 8
C0057,Customer 57,East,IT,415214,Net 60,Manager 9
C0058,Customer 58,West,Manufacturing,149561,Net 30,Manager 4
C0059,Customer 59,North,Wholesale,435738,Net 60,Manager 1
C0060,Customer 60,East,Retail,76289,Net 60,Manager 8
C0061,Customer 61,South,Retail,316248,Net 15,Manager 3
C0062,Customer 62,North,Wholesale,85631,Net 60,Manager 4
C0063,Customer 63,West,Retail,348673,Net 15,Manager 10
C0064,Customer 64,North,Wholesale,92982,Net 30,Manager 10
C0065,Customer 65,East,Healthcare,157090,Net 60,Manager 6
C0066,Customer 66,South,Healthcare,257505,Net 15,Manager 5
C0067,Customer 67,West,Healthcare,444193,Net 15,Manager 1
C0068,Customer 68,West,Wholesale,345170,Net 15,Manager 2
C0069,Customer 69,South,Wholesale,189041,Net 15,Manager 6
C0070,Customer 70,North,Manufacturing,243738,Net 30,Manager 3
C0071,Customer 71,West,Wholesale,418857,Net 30,Manager 10
C0072,Customer 72,North,Wholesale,206960,Net 60,Manager 2
C0073,Customer 73,South,Healthcare,110517,Net 15,Manager 9
C0074,Customer 74,South,Healthcare,197721,Net 60,Manager 4
C0075,Customer 75,East,Manufacturing,410446,Net 60,Manager 5
C0076,Customer 76,West,Healthcare,493602,Net 15,Manager 2
C0077,Customer 77,West,Healthcare,73114,Net 15,Manager 6
C0078,Customer 78,South,Healthcare,134715,Net 60,Manager 8
C0079,Customer 79,West,Wholesale,55069,Net 15,Manager 2
C0080,Customer 80,South,Wholesale,68889,Net 30,Manager 10
C0081,Customer 81,South,IT,116818,Net 15,Manager 5
C0082,Customer 82,East,Retail,237595,Net 15,Manager 4
C0083,Customer 83,North,Healthcare,459005,Net 60,Manager 7
C0084,Customer 84,South,Manufacturing,135197,Net 15,Manager 7
C0085,Customer 85,North,Manufacturing,436171,Net 30,Manager 7
C0086,Customer 86,South,Healthcare,133465,Net 60,Manager 2
C0087,Customer 87,West,Retail,296777,Net 15,Manager 4
C0088,Customer 88,West,Healthcare,210007,Net 15,Manager 4
C0089,Customer 89,North,Manufacturing,258910,Net 30,Manager 5
C0090,Customer 90,North,Healthcare,234101,Net 60,Manager 9
C0091,Customer 91,West,Wholesale,223617,Net 15,Manager 2
C0092,Customer 92,East,Manufacturing,354396,Net 30,Manager 1
C0093,Customer 93,North,Wholesale,277836,Net 30,Manager 6
C0094,Customer 94,West,Wholesale,318132,Net 15,Manager 7
C0095,Customer 95,South,Healthcare,73271,Net 60,Manager 7
C0096,Customer 96,North,Wholesale,472843,Net 60,Manager 4
C0097,Customer 97,East,IT,86686,Net 60,Manager 6
C0098,Customer 98,East,Retail,427358,Net 30,Manager 9
C0099,Customer 99,East,IT,221013,Net 30,Manager 5
C0100,Customer 100,South,Manufacturing,270434,Net 60,Manager 7
C0101,Customer 101,South,Wholesale,348375,Net 30,Manager 7
C0102,Customer 102,North,Healthcare,200425,Net 15,Manager 7
C0103,Customer 103,East,IT,281623,Net 30,Manager 4
C0104,Customer 104,West,Manufacturing,395427,Net 15,Manager 5
C0105,Customer 105,East,Retail,479089,Net 15,Manager 5
C0106,Customer 106,South,Manufacturing,127255,Net 15,Manager 1
C0107,Customer 107,South,IT,370483,Net 15,Manager 8
C0108,Customer 108,West,Wholesale,151940,Net 60,Manager 7
C0109,Customer 109,West,IT,177918,Net 15,Manager 1
C0110,Customer 110,North,IT,164735,Net 15,Manager 9
C0111,Customer 111,West,Retail,342241,Net 15,Manager 2
C0112,Customer 112,West,Manufacturing,470173,Net 30,Manager 9
C0113,Customer 113,East,IT,371206,Net 60,Manager 9
C0114,Customer 114,West,Wholesale,283787,Net 15,Manager 8
C0115,Customer 115,West,Healthcare,444147,Net 15,Manager 5
C0116,Customer 116,West,Manufacturing,193968,Net 30,Manager 2
C0117,Customer 117,East,Manufacturing,192456,Net 30,Manager 6
C0118,Customer 118,North,Manufacturing,129078,Net 15,Manager 7
C0119,Customer 119,South,Manufacturing,83674,Net 30,Manager 7
C0120,Customer 120,East,Wholesale,294278,Net 30,Manager 1
C0121,Customer 121,South,IT,254198,Net 60,Manager 1
C0122,Customer 122,West,IT,53091,Net 30,Manager 5
C0123,Customer 123,West,IT,332182,Net 60,Manager 9
C0124,Customer 124,South,IT,165040,Net 30,Manager 7
C0125,Customer 125,West,Retail,253873,Net 30,Manager 7
C0126,Customer 126,South,IT,116913,Net 60,Manager 9
C0127,Customer 127,North,IT,360322,Net 60,Manager 1
C0128,Customer 128,North,IT,121145,Net 30,
C0129,Customer 129,North,Healthcare,248759,Net 30,Manager 4
C0130,Customer 130,West,Healthcare,226947,Net 30,Manager 5
C0131,Customer 131,West,Healthcare,487733,Net 15,Manager 8
C0132,Customer 132,North,Wholesale,77307,Net 30,Manager 4
C0133,Customer 133,North,Retail,445435,Net 15,Manager 4
C0134,Customer 134,South,Retail,375758,Net 15,Manager 4
C0135,Customer 135,South,IT,400989,Net 15,Manager 10
C0136,Customer 136,South,IT,416721,Net 30,Manager 6
C0137,Customer 137,South,Wholesale,368372,Net 60,Manager 2
C0138,Customer 138,South,Healthcare,106674,Net 60,Manager 1
C0139,Customer 139,East,Wholesale,405125,Net 30,Manager 7
C0140,Customer 140,South,Retail,360429,Net 60,Manager 4
C0141,Customer 141,North,Healthcare,495798,Net 60,Manager 10
C0142,Customer 142,North,Wholesale,460326,Net 15,Manager 6
C0143,Customer 143,West,Healthcare,86153,Net 60,Manager 6
C0144,Customer 144,North,IT,481138,Net 30,Manager 2
C0145,Customer 145,West,Healthcare,383229,Net 30,Manager 3
C0146,Customer 146,West,Manufacturing,434720,Net 60,Manager 5
C0147,Customer 147,West,IT,278366,Net 60,Manager 10
C0148,Customer 148,East,Healthcare,496542,Net 15,Manager 2
C0149,Customer 149,East,IT,177854,Net 30,Manager 10
C0150,Customer 150,West,Healthcare,65047,Net 30,Manager 6
C0151,Customer 151,South,IT,161211,Net 30,Manager 5
C0152,Customer 152,East,Healthcare,362556,Net 60,Manager 5
C0153,Customer 153,North,Wholesale,150168,Net 15,Manager 4
C0154,Customer 154,West,IT,341072,Net 15,Manager 8
C0155,Customer 155,West,IT,465725,Net 15,Manager 2
C0156,Customer 156,East,Manufacturing,262022,Net 60,Manager 4
C0157,Customer 157,East,Wholesale,243472,Net 30,Manager 9
C0158,Customer 158,East,IT,441084,Net 60,Manager 6
C0159,Customer 159,East,IT,192038,Net 30,Manager 5
C0160,Customer 160,South,Retail,428160,Net 15,
C0161,Customer 161,North,Wholesale,449606,Net 60,Manager 3
C0162,Customer 162,South,Manufacturing,437241,Net 30,Manager 5
C0163,Customer 163,East,Retail,486537,Net 15,Manager 5
C0164,Customer 164,South,Healthcare,144079,Net 30,Manager 1
C0165,Customer 165,South,Healthcare,73863,Net 15,Manager 9
C0166,Customer 166,East,Manufacturing,384427,Net 30,Manager 2
C0167,Customer 167,North,Wholesale,199075,Net 30,Manager 8
C0168,Customer 168,West,Healthcare,146659,Net 15,Manager 5
C0169,Customer 169,West,Retail,481025,Net 15,Manager 7
C0170,Customer 170,West,Retail,352525,Net 60,Manager 1
C0171,Customer 171,South,Manufacturing,475272,Net 60,Manager 5
C0172,Customer 172,North,Manufacturing,112102,Net 60,Manager 7
C0173,Customer 173,South,Wholesale,249427,Net 30,Manager 8
C0174,Customer 174,East,Wholesale,274830,Net 30,Manager 10
C0175,Customer 175,North,Wholesale,438019,Net 15,Manager 4
C0176,Customer 176,South,Healthcare,396254,Net 15,Manager 3
C0177,Customer 177,South,Manufacturing,339402,Net 15,Manager 3
C0178,Customer 178,North,IT,286193,Net 60,Manager 10
C0179,Customer 179,West,Healthcare,67112,Net 15,Manager 5
C0180,Customer 180,East,IT,87318,Net 60,Manager 4
C0181,Customer 181,East,Wholesale,396650,Net 15,Manager 7
C0182,Customer 182,North,Wholesale,167864,Net 60,Manager 3
C0183,Customer 183,East,Manufacturing,87439,Net 15,Manager 3
C0184,Customer 184,East,Wholesale,442669,Net 60,Manager 5
C0185,Customer 185,West,Retail,295732,Net 60,Manager 5
C0186,Customer 186,West,Healthcare,312391,Net 60,Manager 8
C0187,Customer 187,West,Retail,363543,Net 15,Manager 7
C0188,Customer 188,East,Wholesale,181264,Net 15,Manager 2
C0189,Customer 189,South,Wholesale,357821,Net 15,Manager 5
C0190,Customer 190,North,Manufacturing,296677,Net 60,Manager 8
C0191,Customer 191,East,Manufacturing,356881,Net 30,Manager 8
C0192,Customer 192,North,IT,232431,Net 30,Manager 6
C0193,Customer 193,East,Retail,499699,Net 15,Manager 6
C0194,Customer 194,West,IT,201109,Net 60,Manager 7
C0195,Customer 195,North,IT,96168,Net 30,Manager 5
C0196,Customer 196,East,Retail,455037,Net 30,Manager 9
C0197,Customer 197,North,Wholesale,292208,Net 30,Manager 1
C0198,Customer 198,South,Wholesale,239676,Net 60,Manager 8
C0199,Customer 199,West,Retail,156723,Net 30,Manager 9
C0200,Customer 200,South,Healthcare,279699,Net 60,Manager 8
C0201,Customer 201,North,Retail,380313,Net 60,Manager 4
C0202,Customer 202,South,Healthcare,338798,Net 15,Manager 9
C0203,Customer 203,West,Retail,167807,Net 15,Manager 8
C0204,Customer 204,North,Manufacturing,311292,Net 60,Manager 5
C0205,Customer 205,East,IT,487635,Net 30,Manager 8
C0206,Customer 206,South,IT,339021,Net 15,Manager 7
C0207,Customer 207,South,Wholesale,316464,Net 60,Manager 3
C0208,Customer 208,North,Healthcare,455104,Net 30,Manager 6
C0209,Customer 209,East,Retail,198289,Net 60,Manager 5
C0210,Customer 210,West,Manufacturing,284119,Net 60,Manager 8
C0211,Customer 211,East,Healthcare,339363,Net 60,Manager 7
C0212,Customer 212,West,Healthcare,148908,Net 60,Manager 4
C0213,Customer 213,West,Manufacturing,498797,Net 30,Manager 1
C0214,Customer 214,East,IT,419742,Net 30,Manager 7
C0215,Customer 215,South,IT,69408,Net 15,Manager 9
C0216,Customer 216,East,Retail,493044,Net 30,Manager 2
C0217,Customer 217,West,Retail,428768,Net 15,Manager 7
C0218,Customer 218,South,Retail,296148,Net 30,Manager 6
C0219,Customer 219,West,Retail,496570,Net 30,Manager 9
C0220,Customer 220,West,Healthcare,378623,Net 60,Manager 8
C0221,Customer 221,North,Wholesale,85872,Net 15,Manager 5
C0222,Customer 222,South,Retail,277526,Net 15,Manager 2
C0223,Customer 223,West,Manufacturing,413856,Net 30,Manager 1
C0224,Customer 224,North,Healthcare,467408,Net 15,Manager 5
C0225,Customer 225,East,Healthcare,275803,Net 15,Manager 4
C0226,Customer 226,West,Wholesale,407459,Net 15,Manager 3
C0227,Customer 227,South,Retail,369549,Net 30,Manager 10
C0228,Customer 228,South,IT,355742,Net 15,Manager 4
C0229,Customer 229,West,Healthcare,290947,Net 30,Manager 1
C0230,Customer 230,West,Healthcare,405263,Net 60,Manager 3
C0231,Customer 231,North,IT,231175,Net 60,Manager 5
C0232,Customer 232,West,Healthcare,289513,Net 30,Manager 4
C0233,Customer 233,West,IT,105917,Net 15,Manager 7
C0234,Customer 234,East,Wholesale,205122,Net 60,Manager 5
C0235,Customer 235,North,IT,193906,Net 15,Manager 10
C0236,Customer 236,North,Wholesale,440684,Net 30,Manager 5
C0237,Customer 237,South,Wholesale,470443,Net 30,Manager 4
C0238,Customer 238,South,Wholesale,181400,Net 60,Manager 3
C0239,Customer 239,North,Retail,211969,Net 30,Manager 1
C0240,Customer 240,East,Manufacturing,97255,Net 30,Manager 6
C0241,Customer 241,West,Manufacturing,155274,Net 15,Manager 9
C0242,Customer 242,East,Wholesale,313084,Net 30,Manager 3
C0243,Customer 243,East,IT,472832,Net 30,Manager 6
C0244,Customer 244,North,IT,89478,Net 15,Manager 4
C0245,Customer 245,West,Wholesale,241771,Net 15,Manager 7
C0246,Customer 246,North,Healthcare,331318,Net 15,Manager 8
C0247,Customer 247,East,Healthcare,356477,Net 30,Manager 6
C0248,Customer 248,North,Manufacturing,297189,Net 15,Manager 10
C0249,Customer 249,East,Wholesale,166060,Net 60,Manager 2
C0250,Customer 250,West,Healthcare,390388,Net 30,Manager 2
C0251,Customer 251,South,Retail,69509,Net 30,Manager 8
C0252,Customer 252,North,Retail,173102,Net 60,Manager 3
C0253,Customer 253,West,IT,244516,Net 60,Manager 9
C0254,Customer 254,West,Wholesale,439162,Net 60,Manager 3
C0255,Customer 255,West,Retail,487095,Net 30,Manager 10
C0256,Customer 256,West,Healthcare,67152,Net 60,Manager 6
C0257,Customer 257,South,IT,283148,Net 15,Manager 6
C0258,Customer 258,North,Healthcare,335456,Net 60,Manager 6
C0259,Customer 259,North,IT,194641,Net 15,Manager 2
C0260,Customer 260,West,Retail,397481,Net 15,Manager 10
C0261,Customer 261,North,Retail,462506,Net 30,Manager 4
C0262,Customer 262,South,Wholesale,157586,Net 15,Manager 9
C0263,Customer 263,South,Wholesale,163220,Net 15,Manager 6
C0264,Customer 264,South,Wholesale,51486,Net 30,Manager 3
C0265,Customer 265,South,Wholesale,181414,Net 15,Manager 2
C0266,Customer 266,North,Manufacturing,57791,Net 30,Manager 4
C0267,Customer 267,East,Retail,141355,Net 30,Manager 1
C0268,Customer 268,South,IT,325820,Net 15,Manager 2
C0269,Customer 269,West,IT,457904,Net 30,Manager 9
C0270,Customer 270,North,IT,314156,Net 15,Manager 10
C0271,Customer 271,North,Wholesale,208141,Net 30,Manager 1
C0272,Customer 272,North,IT,494228,Net 30,Manager 7
C0273,Customer 273,North,IT,423503,Net 30,Manager 2
C0274,Customer 274,North,Healthcare,368923,Net 15,Manager 2
C0275,Customer 275,South,Healthcare,377322,Net 60,Manager 10
C0276,Customer 276,East,IT,363205,Net 60,Manager 5
C0277,Customer 277,West,Wholesale,367418,Net 30,Manager 2
C0278,Customer 278,North,Wholesale,427927,Net 15,Manager 7
C0279,Customer 279,West,Manufacturing,266957,Net 30,Manager 8
C0280,Customer 280,West,IT,432527,Net 15,Manager 6
C0281,Customer 281,West,Healthcare,398708,Net 30,Manager 6
C0282,Customer 282,South,IT,85197,Net 15,Manager 2
C0283,Customer 283,North,IT,100627,Net 60,Manager 6
C0284,Customer 284,South,Wholesale,81447,Net 60,Manager 9
C0285,Customer 285,East,Retail,265382,Net 30,Manager 7
C0286,Customer 286,North,Healthcare,364787,Net 30,Manager 6
C0287,Customer 287,North,Wholesale,316030,Net 15,Manager 3
C0288,Customer 288,West,Manufacturing,494216,Net 15,Manager 6
C0289,Customer 289,East,Retail,449824,Net 30,Manager 10
C0290,Customer 290,South,IT,493104,Net 60,Manager 10
C0291,Customer 291,North,Wholesale,394893,Net 60,Manager 5
C0292,Customer 292,North,Manufacturing,193272,Net 60,Manager 5
C0293,Customer 293,East,Healthcare,53201,Net 15,Manager 3
C0294,Customer 294,West,Retail,124383,Net 60,Manager 1
C0295,Customer 295,North,Wholesale,162791,Net 30,Manager 7
C0296,Customer 296,West,Healthcare,132527,Net 30,Manager 5
C0297,Customer 297,East,Wholesale,362592,Net 15,Manager 1
C0298,Customer 298,South,Manufacturing,445541,Net 60,Manager 1
C0299,Customer 299,North,Healthcare,282318,Net 60,Manager 7
C0300,Customer 300,West,Wholesale,281758,Net 30,Manager 5
C0301,Customer 301,South,Wholesale,109673,Net 30,Manager 7
C0302,Customer 302,North,Healthcare,405581,Net 60,Manager 10
C0303,Customer 303,West,Wholesale,399769,Net 30,Manager 1
C0304,Customer 304,South,IT,364218,Net 15,Manager 1
C0305,Customer 305,South,Healthcare,160747,Net 15,Manager 5
C0306,Customer 306,East,Healthcare,112906,Net 15,Manager 8
C0307,Customer 307,West,Manufacturing,117730,Net 30,Manager 9
C0308,Customer 308,South,Wholesale,342932,Net 60,Manager 6
C0309,Customer 309,North,IT,439043,Net 15,Manager 7
C0310,Customer 310,North,IT,90822,Net 30,Manager 10
C0311,Customer 311,West,Wholesale,262034,Net 60,Manager 7
C0312,Customer 312,East,Retail,262353,Net 15,Manager 6
C0313,Customer 313,South,Wholesale,291223,Net 60,Manager 6
C0314,Customer 314,North,IT,492753,Net 15,Manager 4
C0315,Customer 315,West,Wholesale,259951,Net 60,Manager 2
C0316,Customer 316,West,Healthcare,441016,Net 30,Manager 4
C0317,Customer 317,East,Manufacturing,90044,Net 60,Manager 2
C0318,Customer 318,South,Healthcare,234077,Net 60,Manager 3
C0319,Customer 319,South,Retail,126778,Net 30,
C0320,Customer 320,South,Wholesale,130147,Net 60,Manager 2
C0321,Customer 321,South,IT,293245,Net 60,Manager 10
C0322,Customer 322,West,Wholesale,387112,Net 60,Manager 10
C0323,Customer 323,East,Healthcare,129145,Net 30,Manager 2
C0324,Customer 324,West,IT,381027,Net 30,Manager 5
C0325,Customer 325,North,Healthcare,315990,Net 15,Manager 5
C0326,Customer 326,West,IT,69717,Net 15,Manager 6
C0327,Customer 327,East,Retail,387990,Net 15,Manager 10
C0328,Customer 328,West,IT,354259,Net 60,Manager 1
C0329,Customer 329,West,Wholesale,391750,Net 15,Manager 6
C0330,Customer 330,West,Wholesale,129094,Net 15,
C0331,Customer 331,North,Healthcare,424507,Net 15,Manager 9
C0332,Customer 332,South,Retail,179889,Net 60,Manager 8
C0333,Customer 333,West,Wholesale,324070,Net 60,Manager 3
C0334,Customer 334,East,Healthcare,198317,Net 30,Manager 7
C0335,Customer 335,East,Wholesale,77454,Net 60,Manager 6
C0336,Customer 336,North,Healthcare,99548,Net 60,Manager 7
C0337,Customer 337,East,Healthcare,429444,Net 60,Manager 10
C0338,Customer 338,South,Healthcare,92730,Net 60,Manager 3
C0339,Customer 339,East,Healthcare,393961,Net 60,Manager 7
C0340,Customer 340,South,Wholesale,421633,Net 15,Manager 5
C0341,Customer 341,West,Healthcare,476343,Net 15,Manager 9
C0342,Customer 342,North,IT,316594,Net 30,Manager 1
C0343,Customer 343,East,Healthcare,144509,Net 15,Manager 6
C0344,Customer 344,West,Manufacturing,168773,Net 15,Manager 3
C0345,Customer 345,North,Healthcare,492723,Net 15,Manager 9
C0346,Customer 346,North,Healthcare,451765,Net 60,Manager 3
C0347,Customer 347,West,Manufacturing,135064,Net 15,Manager 10
C0348,Customer 348,South,IT,72907,Net 30,Manager 6
C0349,Customer 349,South,IT,370127,Net 30,Manager 8
C0350,Customer 350,South,Wholesale,175393,Net 30,Manager 8
C0351,Customer 351,South,Healthcare,405628,Net 60,Manager 8
C0352,Customer 352,West,Healthcare,457961,Net 30,Manager 9
C0353,Customer 353,West,Manufacturing,478286,Net 15,Manager 10
C0354,Customer 354,South,Healthcare,77357,Net 60,Manager 8
C0355,Customer 355,East,Wholesale,103786,Net 60,Manager 9
C0356,Customer 356,North,Healthcare,93974,Net 15,Manager 5
C0357,Customer 357,West,Wholesale,127253,Net 30,Manager 2
C0358,Customer 358,South,IT,233283,Net 15,Manager 7
C0359,Customer 359,North,IT,313196,Net 30,Manager 4
C0360,Customer 360,West,Retail,246562,Net 15,Manager 1
C0361,Customer 361,East,Retail,489970,Net 60,Manager 6
C0362,Customer 362,South,Manufacturing,70081,Net 30,Manager 8
C0363,Customer 363,South,IT,285196,Net 60,Manager 1
C0364,Customer 364,North,Retail,184177,Net 15,Manager 3
C0365,Customer 365,West,Retail,456937,Net 30,Manager 4
C0366,Customer 366,East,Retail,75034,Net 15,Manager 7
C0367,Customer 367,West,Retail,108121,Net 30,Manager 10
C0368,Customer 368,North,Wholesale,351490,Net 15,Manager 3
C0369,Customer 369,East,IT,50820,Net 60,Manager 6
C0370,Customer 370,South,Wholesale,268401,Net 15,Manager 2
C0371,Customer 371,East,Retail,325806,Net 60,Manager 9
C0372,Customer 372,North,IT,296486,Net 15,Manager 7
C0373,Customer 373,East,Healthcare,441809,Net 15,Manager 6
C0374,Customer 374,North,Healthcare,176419,Net 60,Manager 2
C0375,Customer 375,East,Manufacturing,73244,Net 30,Manager 9
C0376,Customer 376,East,Manufacturing,485360,Net 60,Manager 8
C0377,Customer 377,West,Manufacturing,475458,Net 15,Manager 2
C0378,Customer 378,West,Retail,203848,Net 15,Manager 1
C0379,Customer 379,South,Retail,215463,Net 30,Manager 9
C0380,Customer 380,West,Wholesale,298197,Net 30,Manager 1
C0381,Customer 381,South,Healthcare,237157,Net 15,Manager 6
C0382,Customer 382,East,Retail,469085,Net 30,Manager 7
C0383,Customer 383,West,IT,252713,Net 30,Manager 3
C0384,Customer 384,West,IT,242595,Net 60,Manager 5
C0385,Customer 385,North,IT,91380,Net 30,Manager 10
C0386,Customer 386,South,Wholesale,204018,Net 30,Manager 2
C0387,Customer 387,North,Healthcare,396512,Net 30,Manager 5
C0388,Customer 388,West,Wholesale,426262,Net 30,Manager 3
C0389,Customer 389,West,Healthcare,284424,Net 15,Manager 6
C0390,Customer 390,West,Healthcare,385266,Net 15,Manager 2
C0391,Customer 391,West,Healthcare,319004,Net 60,Manager 3
C0392,Customer 392,North,Manufacturing,494947,Net 60,Manager 8
C0393,Customer 393,North,Manufacturing,85249,Net 15,Manager 6
C0394,Customer 394,East,IT,347399,Net 15,Manager 10
C0395,Customer 395,South,IT,244492,Net 30,Manager 8
C0396,Customer 396,North,Wholesale,122191,Net 60,Manager 6
C0397,Customer 397,West,Healthcare,390556,Net 30,Manager 4
C0398,Customer 398,North,Retail,435705,Net 15,Manager 8
C0399,Customer 399,West,Wholesale,111740,Net 30,Manager 5
C0400,Customer 400,West,Manufacturing,370799,Net 30,Manager 8
C0401,Customer 401,South,Retail,121160,Net 15,Manager 8
C0402,Customer 402,South,IT,96027,Net 60,Manager 6
C0403,Customer 403,East,Retail,338356,Net 60,Manager 5
C0404,Customer 404,East,Manufacturing,423192,Net 60,Manager 3
C0405,Customer 405,East,Wholesale,167567,Net 15,Manager 4
C0406,Customer 406,South,Manufacturing,464383,Net 30,Manager 1
C0407,Customer 407,East,Wholesale,350038,Net 30,Manager 8
C0408,Customer 408,South,Wholesale,95201,Net 15,Manager 5
C0409,Customer 409,West,IT,325615,Net 30,Manager 7
C0410,Customer 410,North,Manufacturing,216213,Net 60,Manager 2
C0411,Customer 411,West,IT,406572,Net 60,Manager 6
C0412,Customer 412,South,Wholesale,385436,Net 60,Manager 3
C0413,Customer 413,South,IT,313645,Net 15,Manager 2
C0414,Customer 414,South,Healthcare,136327,Net 15,Manager 6
C0415,Customer 415,South,Healthcare,322051,Net 30,Manager 2
C0416,Customer 416,East,Manufacturing,382952,Net 60,Manager 5
C0417,Customer 417,South,Healthcare,372137,Net 60,Manager 2
C0418,Customer 418,South,Wholesale,354425,Net 15,Manager 3
C0419,Customer 419,East,Wholesale,71597,Net 15,Manager 2
C0420,Customer 420,North,Wholesale,188755,Net 60,Manager 4
C0421,Customer 421,West,Wholesale,385015,Net 15,Manager 8
C0422,Customer 422,East,Healthcare,303202,Net 15,Manager 7
C0423,Customer 423,East,IT,88258,Net 60,Manager 1
C0424,Customer 424,South,IT,267905,Net 30,Manager 8
C0425,Customer 425,South,Healthcare,368064,Net 15,Manager 6
C0426,Customer 426,East,Healthcare,259042,Net 15,Manager 6
C0427,Customer 427,North,Healthcare,176740,Net 30,Manager 2
C0428,Customer 428,East,IT,179980,Net 15,Manager 2
C0429,Customer 429,North,Healthcare,251405,Net 60,Manager 7
C0430,Customer 430,South,Manufacturing,476496,Net 30,Manager 10
C0431,Customer 431,East,Manufacturing,450095,Net 15,Manager 8
C0432,Customer 432,West,IT,211764,Net 30,Manager 1
C0433,Customer 433,North,IT,314998,Net 30,Manager 4
C0434,Customer 434,South,Wholesale,235018,Net 15,Manager 1
C0435,Customer 435,East,IT,363271,Net 60,Manager 8
C0436,Customer 436,East,Wholesale,54287,Net 15,Manager 7
C0437,Customer 437,South,Healthcare,431423,Net 30,Manager 7
C0438,Customer 438,East,Retail,260020,Net 15,Manager 10
C0439,Customer 439,South,Healthcare,340048,Net 30,Manager 2
C0440,Customer 440,West,Wholesale,286115,Net 60,Manager 5
C0441,Customer 441,North,Manufacturing,100688,Net 30,Manager 6
C0442,Customer 442,East,Wholesale,241683,Net 15,Manager 4
C0443,Customer 443,West,Wholesale,71105,Net 15,Manager 1
C0444,Customer 444,South,Healthcare,471509,Net 30,
C0445,Customer 445,West,Manufacturing,367855,Net 60,Manager 3
C0446,Customer 446,East,Wholesale,217001,Net 15,Manager 7
C0447,Customer 447,East,Wholesale,226356,Net 60,Manager 9
C0448,Customer 448,West,Wholesale,207176,Net 30,Manager 1
C0449,Customer 449,East,Healthcare,403268,Net 15,Manager 7
C0450,Customer 450,East,Retail,362952,Net 30,Manager 5
C0451,Customer 451,South,Retail,355934,Net 30,Manager 3
C0452,Customer 452,West,Manufacturing,480787,Net 60,Manager 4
C0453,Customer 453,North,Wholesale,417274,Net 15,Manager 4
C0454,Customer 454,North,IT,214465,Net 30,Manager 3
C0455,Customer 455,West,Manufacturing,265155,Net 60,Manager 10
C0456,Customer 456,West,Retail,420029,Net 15,Manager 9
C0457,Customer 457,South,Wholesale,220419,Net 60,Manager 8
C0458,Customer 458,West,Healthcare,140797,Net 30,Manager 9
C0459,Customer 459,East,Wholesale,235748,Net 60,Manager 5
C0460,Customer 460,West,Manufacturing,179247,Net 30,Manager 9
C0461,Customer 461,East,Manufacturing,206035,Net 30,Manager 4
C0462,Customer 462,West,Healthcare,301555,Net 30,Manager 9
C0463,Customer 463,East,Healthcare,113897,Net 60,Manager 9
C0464,Customer 464,West,IT,479065,Net 30,Manager 3
C0465,Customer 465,East,Retail,200801,Net 60,Manager 2
C0466,Customer 466,East,IT,393918,Net 30,Manager 8
C0467,Customer 467,South,Manufacturing,484085,Net 60,Manager 5
C0468,Customer 468,East,Manufacturing,107266,Net 60,Manager 10
C0469,Customer 469,South,Manufacturing,76615,Net 60,Manager 9
C0470,Customer 470,South,Manufacturing,77520,Net 15,Manager 7
C0471,Customer 471,East,IT,102714,Net 60,Manager 3
C0472,Customer 472,North,Wholesale,132806,Net 30,Manager 8
C0473,Customer 473,West,Manufacturing,446315,Net 30,Manager 6
C0474,Customer 474,East,Retail,453033,Net 15,Manager 10
C0475,Customer 475,South,Wholesale,437284,Net 60,Manager 1
C0476,Customer 476,South,IT,489146,Net 15,Manager 1
C0477,Customer 477,West,IT,147680,Net 60,Manager 5
C0478,Customer 478,North,Retail,206443,Net 60,Manager 10
C0479,Customer 479,North,Healthcare,199192,Net 30,Manager 9
C0480,Customer 480,West,Manufacturing,496200,Net 60,Manager 8
C0481,Customer 481,East,Manufacturing,474051,Net 15,Manager 6
C0482,Customer 482,South,IT,389888,Net 30,Manager 3
C0483,Customer 483,North,Healthcare,464589,Net 30,Manager 10
C0484,Customer 484,South,Manufacturing,370316,Net 60,Manager 7
C0485,Customer 485,West,Wholesale,221928,Net 15,Manager 7
C0486,Customer 486,North,Manufacturing,123721,Net 30,Manager 6
C0487,Customer 487,South,Retail,186726,Net 30,Manager 4
C0488,Customer 488,West,Healthcare,222818,Net 30,Manager 10
C0489,Customer 489,North,Healthcare,392718,Net 30,Manager 4
C0490,Customer 490,North,Retail,294001,Net 30,Manager 3
C0491,Customer 491,West,Wholesale,418866,Net 30,Manager 2
C0492,Customer 492,East,Healthcare,372240,Net 15,Manager 4
C0493,Customer 493,South,IT,130313,Net 30,Manager 10
C0494,Customer 494,East,IT,418019,Net 60,Manager 8
C0495,Customer 495,South,Manufacturing,406695,Net 60,Manager 2
C0496,Customer 496,West,Wholesale,418976,Net 30,Manager 2
C0497,Customer 497,North,Retail,484516,Net 60,Manager 9
C0498,Customer 498,South,Wholesale,331364,Net 15,Manager 3
C0499,Customer 499,East,Wholesale,281651,Net 15,Manager 4
C0500,Customer 500,West,Retail,317583,Net 30,Manager 1
C0130,Customer 130,West,Healthcare,226947,Net 30,Manager 5
C0281,Customer 281,West,Healthcare,398708,Net 30,Manager 6
C0441,Customer 441,North,Manufacturing,100688,Net 30,Manager 6
